budgetId,departmentId,financialYear,month,allocatedBudget,spentAmount,reservedAmount,remainingBudget,utilizationPercentage,budgetStatus
BUD001,DEPT001,2026-27,2026-01,208333,156726,9897,41710,75.2,Warning
BUD002,DEPT001,2026-27,2026-02,208333,76194,30548,101591,36.6,Healthy
BUD003,DEPT001,2026-27,2026-03,208333,108964,14273,85096,52.3,Healthy
BUD004,DEPT001,2026-27,2026-04,208333,102172,10821,95340,49,Healthy
BUD005,DEPT001,2026-27,2026-05,208333,169446,9607,29280,81.3,Critical
BUD006,DEPT001,2026-27,2026-06,208333,161612,30519,16202,77.6,Warning
BUD007,DEPT001,2026-27,2026-07,208333,144398,9097,54838,69.3,Healthy
BUD008,DEPT001,2026-27,2026-08,208333,150313,20074,37946,72.2,Warning
BUD009,DEPT001,2026-27,2026-09,208333,77081,7225,124027,37,Healthy
BUD010,DEPT001,2026-27,2026-10,208333,85196,13413,109724,40.9,Healthy
BUD011,DEPT002,2026-27,2026-01,150000,82995,21059,45946,55.3,Healthy
BUD012,DEPT002,2026-27,2026-02,150000,55978,11015,83007,37.3,Healthy
BUD013,DEPT002,2026-27,2026-03,150000,107487,11723,30790,71.7,Warning
BUD014,DEPT002,2026-27,2026-04,150000,111378,13615,25007,74.3,Warning
BUD015,DEPT002,2026-27,2026-05,150000,53351,9731,86918,35.6,Healthy
BUD016,DEPT002,2026-27,2026-06,150000,107892,15649,26459,71.9,Warning
BUD017,DEPT002,2026-27,2026-07,150000,88921,9594,51485,59.3,Healthy
BUD018,DEPT002,2026-27,2026-08,150000,80721,15529,53750,53.8,Healthy
BUD019,DEPT002,2026-27,2026-09,150000,65896,7539,76565,43.9,Healthy
BUD020,DEPT002,2026-27,2026-10,150000,102297,7669,40034,68.2,Healthy
BUD021,DEPT003,2026-27,2026-01,100000,58526,8635,32839,58.5,Healthy
BUD022,DEPT003,2026-27,2026-02,100000,74565,7333,18102,74.6,Warning
BUD023,DEPT003,2026-27,2026-03,100000,37847,14955,47198,37.8,Healthy
BUD024,DEPT003,2026-27,2026-04,100000,65108,11785,23107,65.1,Healthy
BUD025,DEPT003,2026-27,2026-05,100000,43180,9201,47619,43.2,Healthy
BUD026,DEPT003,2026-27,2026-06,100000,40164,12044,47792,40.2,Healthy
BUD027,DEPT003,2026-27,2026-07,100000,54213,13299,32488,54.2,Healthy
BUD028,DEPT003,2026-27,2026-08,100000,75535,8925,15540,75.5,Warning
BUD029,DEPT003,2026-27,2026-09,100000,72837,6150,21013,72.8,Warning
BUD030,DEPT003,2026-27,2026-10,100000,81174,4139,14687,81.2,Critical
BUD031,DEPT004,2026-27,2026-01,125000,46753,14584,63663,37.4,Healthy
BUD032,DEPT004,2026-27,2026-02,125000,58685,16415,49900,46.9,Healthy
BUD033,DEPT004,2026-27,2026-03,125000,62715,5057,57228,50.2,Healthy
BUD034,DEPT004,2026-27,2026-04,125000,99804,7564,17632,79.8,Warning
BUD035,DEPT004,2026-27,2026-05,125000,100535,5404,19061,80.4,Critical
BUD036,DEPT004,2026-27,2026-06,125000,68661,8304,48035,54.9,Healthy
BUD037,DEPT004,2026-27,2026-07,125000,73464,14165,37371,58.8,Healthy
BUD038,DEPT004,2026-27,2026-08,125000,98414,9727,16859,78.7,Warning
BUD039,DEPT004,2026-27,2026-09,125000,54409,9815,60776,43.5,Healthy
BUD040,DEPT004,2026-27,2026-10,125000,67033,7182,50785,53.6,Healthy
BUD041,DEPT005,2026-27,2026-01,83333,46662,3668,33003,56,Healthy
BUD042,DEPT005,2026-27,2026-02,83333,40381,11250,31702,48.5,Healthy
BUD043,DEPT005,2026-27,2026-03,83333,45209,5176,32948,54.3,Healthy
BUD044,DEPT005,2026-27,2026-04,83333,59460,8715,15158,71.4,Warning
BUD045,DEPT005,2026-27,2026-05,83333,46857,11624,24852,56.2,Healthy
BUD046,DEPT005,2026-27,2026-06,83333,43558,7812,31963,52.3,Healthy
BUD047,DEPT005,2026-27,2026-07,83333,32831,6251,44251,39.4,Healthy
BUD048,DEPT005,2026-27,2026-08,83333,31269,7667,44397,37.5,Healthy
BUD049,DEPT005,2026-27,2026-09,83333,55456,6885,20992,66.5,Healthy
BUD050,DEPT005,2026-27,2026-10,83333,33503,5955,43875,40.2,Healthy
BUD051,DEPT006,2026-27,2026-01,183333,138507,15810,29016,75.5,Warning
BUD052,DEPT006,2026-27,2026-02,183333,92035,26976,64322,50.2,Healthy
BUD053,DEPT006,2026-27,2026-03,183333,129601,18463,35269,70.7,Warning
BUD054,DEPT006,2026-27,2026-04,183333,148425,20534,14374,81,Critical
BUD055,DEPT006,2026-27,2026-05,183333,82892,14178,86263,45.2,Healthy
BUD056,DEPT006,2026-27,2026-06,183333,82467,13580,87286,45,Healthy
BUD057,DEPT006,2026-27,2026-07,183333,137745,23160,22428,75.1,Warning
BUD058,DEPT006,2026-27,2026-08,183333,98604,24654,60075,53.8,Healthy
BUD059,DEPT006,2026-27,2026-09,183333,120321,24620,38392,65.6,Healthy
BUD060,DEPT006,2026-27,2026-10,183333,116516,17360,49457,63.6,Healthy
BUD061,DEPT007,2026-27,2026-01,145833,79787,8906,57140,54.7,Healthy
BUD062,DEPT007,2026-27,2026-02,145833,117825,20545,7463,80.8,Critical
BUD063,DEPT007,2026-27,2026-03,145833,62956,5917,76960,43.2,Healthy
BUD064,DEPT007,2026-27,2026-04,145833,65412,9382,71039,44.9,Healthy
BUD065,DEPT007,2026-27,2026-05,145833,72010,18207,55616,49.4,Healthy
BUD066,DEPT007,2026-27,2026-06,145833,59367,16982,69484,40.7,Healthy
BUD067,DEPT007,2026-27,2026-07,145833,101060,19711,25062,69.3,Healthy
BUD068,DEPT007,2026-27,2026-08,145833,83994,4750,57089,57.6,Healthy
BUD069,DEPT007,2026-27,2026-09,145833,66055,13117,66661,45.3,Healthy
BUD070,DEPT007,2026-27,2026-10,145833,95628,8029,42176,65.6,Healthy
BUD071,DEPT008,2026-27,2026-01,116667,60067,10623,45977,51.5,Healthy
BUD072,DEPT008,2026-27,2026-02,116667,51198,10933,54536,43.9,Healthy
BUD073,DEPT008,2026-27,2026-03,116667,41045,15330,60292,35.2,Healthy
BUD074,DEPT008,2026-27,2026-04,116667,87997,7815,20855,75.4,Warning
BUD075,DEPT008,2026-27,2026-05,116667,73639,15983,27045,63.1,Healthy
BUD076,DEPT008,2026-27,2026-06,116667,52541,11817,52309,45,Healthy
BUD077,DEPT008,2026-27,2026-07,116667,47806,13744,55117,41,Healthy
BUD078,DEPT008,2026-27,2026-08,116667,60391,17289,38987,51.8,Healthy
BUD079,DEPT008,2026-27,2026-09,116667,82707,11817,22143,70.9,Warning
BUD080,DEPT008,2026-27,2026-10,116667,80742,6758,29167,69.2,Healthy
BUD081,DEPT009,2026-27,2026-01,133333,56682,10125,66526,42.5,Healthy
BUD082,DEPT009,2026-27,2026-02,133333,96637,6645,30051,72.5,Warning
BUD083,DEPT009,2026-27,2026-03,133333,82014,19621,31698,61.5,Healthy
BUD084,DEPT009,2026-27,2026-04,133333,97694,19112,16527,73.3,Warning
BUD085,DEPT009,2026-27,2026-05,133333,81423,19047,32863,61.1,Healthy
BUD086,DEPT009,2026-27,2026-06,133333,46703,13812,72818,35,Healthy
BUD087,DEPT009,2026-27,2026-07,133333,67909,12004,53420,50.9,Healthy
BUD088,DEPT009,2026-27,2026-08,133333,47942,5831,79560,36,Healthy
BUD089,DEPT009,2026-27,2026-09,133333,107555,9946,15832,80.7,Critical
BUD090,DEPT009,2026-27,2026-10,133333,104253,17625,11455,78.2,Warning
BUD091,DEPT010,2026-27,2026-01,91667,52236,6673,32758,57,Healthy
BUD092,DEPT010,2026-27,2026-02,91667,35879,6696,49092,39.1,Healthy
BUD093,DEPT010,2026-27,2026-03,91667,69265,4040,18362,75.6,Warning
BUD094,DEPT010,2026-27,2026-04,91667,37696,10712,43259,41.1,Healthy
BUD095,DEPT010,2026-27,2026-05,91667,36618,11477,43572,39.9,Healthy
BUD096,DEPT010,2026-27,2026-06,91667,40324,4853,46490,44,Healthy
BUD097,DEPT010,2026-27,2026-07,91667,63231,11757,16679,69,Healthy
BUD098,DEPT010,2026-27,2026-08,91667,42904,7092,41671,46.8,Healthy
BUD099,DEPT010,2026-27,2026-09,91667,66664,12688,12315,72.7,Warning
BUD100,DEPT010,2026-27,2026-10,91667,59813,6220,25634,65.3,Healthy
BUD101,DEPT011,2026-27,2026-01,158333,126102,11340,20891,79.6,Warning
BUD102,DEPT011,2026-27,2026-02,158333,96273,17823,44237,60.8,Healthy
BUD103,DEPT011,2026-27,2026-03,158333,104360,19104,34869,65.9,Healthy
BUD104,DEPT011,2026-27,2026-04,158333,123255,19543,15535,77.8,Warning
BUD105,DEPT011,2026-27,2026-05,158333,71276,12872,74185,45,Healthy
BUD106,DEPT011,2026-27,2026-06,158333,84867,6847,66619,53.6,Healthy
BUD107,DEPT011,2026-27,2026-07,158333,99729,5438,53166,63,Healthy
BUD108,DEPT011,2026-27,2026-08,158333,128019,12289,18025,80.9,Critical
BUD109,DEPT011,2026-27,2026-09,158333,84280,4984,69069,53.2,Healthy
BUD110,DEPT011,2026-27,2026-10,158333,64721,6678,86934,40.9,Healthy
BUD111,DEPT012,2026-27,2026-01,129167,60211,4979,63977,46.6,Healthy
BUD112,DEPT012,2026-27,2026-02,129167,104545,4389,20233,80.9,Critical
BUD113,DEPT012,2026-27,2026-03,129167,101545,9288,18334,78.6,Warning
BUD114,DEPT012,2026-27,2026-04,129167,49851,12298,67018,38.6,Healthy
BUD115,DEPT012,2026-27,2026-05,129167,60805,8437,59925,47.1,Healthy
BUD116,DEPT012,2026-27,2026-06,129167,89050,11828,28289,68.9,Healthy
BUD117,DEPT012,2026-27,2026-07,129167,59248,12709,57210,45.9,Healthy
BUD118,DEPT012,2026-27,2026-08,129167,53879,15726,59562,41.7,Healthy
BUD119,DEPT012,2026-27,2026-09,129167,103035,13230,12902,79.8,Warning
BUD120,DEPT012,2026-27,2026-10,129167,82970,11619,34578,64.2,Healthy