categoryId,name,code,currency
CAT001,Advertising,ADVERTISING,INR
CAT002,Audit,AUDIT,INR
CAT003,Business Meals,BUSINESS_MEALS,INR
CAT004,Client Meetings,CLIENT_MEETINGS,INR
CAT005,Cloud Services,CLOUD_SERVICES,INR
CAT006,Compliance,COMPLIANCE,INR
CAT007,Consulting,CONSULTING,INR
CAT008,Cybersecurity,CYBERSECURITY,INR
CAT009,Design,DESIGN,INR
CAT010,Employee Welfare,EMPLOYEE_WELFARE,INR
CAT011,Equipment,EQUIPMENT,INR
CAT012,Events,EVENTS,INR
CAT013,Hardware,HARDWARE,INR
CAT014,Legal Consulting,LEGAL_CONSULTING,INR
CAT015,Logistics,LOGISTICS,INR
CAT016,Maintenance,MAINTENANCE,INR
CAT017,Office Supplies,OFFICE_SUPPLIES,INR
CAT018,Recruitment,RECRUITMENT,INR
CAT019,Software,SOFTWARE,INR
CAT020,Supplies,SUPPLIES,INR
CAT021,Training,TRAINING,INR
CAT022,Travel,TRAVEL,INR
CAT023,Vendor Services,VENDOR_SERVICES,INR